Name,Age,Birthdate,Photo,Photo source,Date,TDoR list ref,Address,Locality,Town/City/Municipality,State/Province,Country,Latitude,Longitude,Category,Cause of death,Description,Tweet,Permalink
Cansu,,,2025_02_03_Cansu.jpg,https://x.com/20kasimdernegi/status/1886404513076023416,2-Feb-2025,tgeu/tdor2025/2-Feb-2025/Chidia/Chiriya,,,Alsancak,İzmir,Turkey,38.4386066,27.1407436,suicide,suicide,"Cansu died by suicide.

> We lost Cansu...
> 
> A trans woman friend, Cansu C., ended her life last night in Alsancak, Izmir. There is a deep pain in our hearts and a great anger in us.
>
> Cansu resisted the violence, discrimination and ignoring that many trans women were forced to live in this society. But this world didn't offer him a place to live... This order, which isolates her, does not give her a living space, and does not protect her, took Cansu away from us.
> 
> Trans suicides are political! Cansu's departure is a result of the injustice and desperation that trans people are subjected to in this country. He just wanted to live. But a society fueled by hatred did not even leave him a place to breathe.
> 
> We will not only mourn after Cansu, we will continue to fight for her! A world where trans people are not alone, where they can live without fear, where they are equal and free is possible, and we will not stop until we build that world!
> 
> We will not forget Cansu and all our trans brothers and sisters who have been torn from our lives by hatred and marginalization. It is our responsibility to keep their memory alive, to continue their struggle, and to fight for a world where trans people can live equal, free and dignified lives.
>
> We would like to express our condolences to Cansu's family, friends and the entire trans+ community. We are not alone, we will never be alone.
> 
> -- 20 Kasim Nefret Suçlariyla Mücadele Dernegi [November 20 Association for Combating Hate Crimes]

On 30th May the Associaton published a statement condemning the intense police pressure to which trans women living in Alsancak are subjected to.

The association’s statement stated that for the last two months, arbitrary fines have been imposed on trans women for “having a criminal record check” and that these practices continue unlawfully.

https://www.pembehayat.org/haberler/20-kasim-nefret-suclariyla-mucadele-dernegi-izmir-alsancak-ta-trans-kadinlara-yonelik-polis-baskisi-artiyor-3371

https://www.instagram.com/p/DFnLAIyIwYk/

https://x.com/20kasimdernegi/status/1886404513076023416","Cansu died by suicide in Alsancak, İzmir (Turkey) on 2 Feb 2025. #SayHerName #TransLivesMatter #TDoR",https://tdor.translivesmatter.info/reports/2025/02/02/cansu_alsancak-zmir-turkey_7aa9afaf
Chidia/Chiriya,,,,,2-Feb-2025,tgeu/tdor2025/2-Feb-2025/Chidia/Chiriya,,McLeodganj,Bahawalnagar,South Punjab,Pakistan,30.24917436,73.70048196,violence,shot,"Chidia/Chiriya (sources differ on the victim's name) was shot dead in their home. Reportedly suspects have been arrested.
  
> Bahawalnagar  -  The case of murder of a transgender person came to light in the limits of Bahawalnagar police station, McLeodganj. According to the police spokesman, transgender person named [deadname] alias Chidia was shot dead by the accused at [their] house. District Police Officer DPO Kamran Asghar took notice of the incident. In a short time of few hours, the prime suspects of the murder have been arrested.
>
> The body of the deceased has been shifted to the hospital for post-mortem. The police have registered a case 54/25 in McLeodganj police station on the complaint of the [trans woman's] father. District Police Officer Hafiz Kamran Asghar said that the protection of life and property of the people is the top priority of police.

https://www.nation.com.pk/03-Feb-2025/bahawalnagar-transgender-murder-accused-arrested

https://24newshd.tv/02-Feb-2025/transgender-chiriya-shot-dead-in-mcleod-gang","A #trans woman was shot dead in their home in McLeod Gang, Bahawalnagar, South Punjab (Pakistan) on 3 Feb 2025. 

Sources variously give her name as either Chidia or Chiriya. #SayHerName #TransLIvesMatter #TDoR",https://tdor.translivesmatter.info/reports/2025/02/03/chidia_bahawalnagar-pakistan_b61f5903
Shila,,,2025_02_03_Shila.jpg,https://www.tbsnews.net/bangladesh/crime/decapitated-body-transgender-person-found-rangamati-1060686,3-Feb-2025,tgeu/tdor2025/3-Feb-2025/Shila,,,Betbunia,Rangamati,Bangladesh,30.256104,73.3120832,violence,stabbed and throat cut,"Shila was an advocate for the trans community known for her humanitarian work. She was murdered in her home in what appears to have been a targeted execution.

> Transgender activist Shila was brutally murdered in her home in Betbunia, under the jurisdiction of Betbunia Police Station in Rangamati district, in the early hours of February 3, 2025. Police recovered her body later that evening, confirming a gruesome and targeted attack. Shila’s lifeless body was found with her throat brutally slashed and decapitated, suggesting the involvement of militants. Her tragic killing has sparked outrage and heightened concerns for the safety of marginalized communities in the region.
>
> Shila, originally from Hathazari Police Station in Chattogram district, was a prominent advocate for the transgender community. She was widely recognized for her humanitarian work and unwavering commitment to social justice. Her untimely and violent death has sent shockwaves through the community, raising urgent questions about the safety of transgender individuals in Bangladesh.
> 
> According to local sources, five unidentified individuals were seen entering Shila’s home around 11:00 PM on February 2, 2025. When attempts to contact her the following day went unanswered, a fellow transgender individual alerted neighbors. Upon entering the house, they discovered Shila’s body with her throat violently slit and additional stab wounds to her abdomen.

JusticeMakers Bangladesh in France (JMBF) described Shila as ""a courageous advocate for transgender rights, a champion of social justice, and a beacon of hope for marginalized transgender communities in Bangladesh.""

https://76crimes.com/2025/02/12/bangladesh-trans-activist-murdered/

https://www.jmbf.org/2025/02/press-public-statement-jmbf-strongly_5.html

https://www.newagebd.net/post/country/257187/transgender-leader-stabbed-to-death-in-rangamati

https://www.tbsnews.net/bangladesh/crime/decapitated-body-transgender-person-found-rangamati-1060686

https://www.channelionline.com/a-transgender-was-killed-by-slitting-her-throat-in-rangamati/","Shila was killed in her home in Betbunia, Rangamati (Bangladesh) on 3 Feb 2025 in what appears to have been a targeted execution.

Shila was a trans community advocate known for her humanitarian work. #SayHerName #TransLivesMatter #TDoR",https://tdor.translivesmatter.info/reports/2025/02/03/shila_betbunia-rangamati-bangladesh_181a2bd6
Daniela Muttis,,,2025_02_04_Daniela-Muttis.jpg,https://www.elheraldo.co/la-guajira/2025/02/04/asesinan-a-mujer-trans-en-riohacha/,4-Feb-2025,tgeu/tdor2025/4-Feb-2025/Daniela Muttis,,,Riohacha,La Guajira,Colombia,11.2638513,-73.0122554,violence,shot,"Daniella's body was found on a bridge. She was gagged and had been shot multiple times.

> On Tuesday morning, residents of the Matitas district, in the rural area of the Riohacha District (La Guajira), were surprised by a macabre discovery that has caused commotion in the community.
> 
> The lifeless body of a person identified as [deadname] (Daniela) Muttis, belonging to the LGTBIQ+ community, was found with multiple bullet wounds and gagged.
> 
> The victim, a resident of the district of Mingueo, jurisdiction of the municipality of Dibulla, was found on the bridge that leads to Matitas, lying face down and with visible bullet wounds, mainly on the face. According to the testimonies of the locals, the body was discovered by inhabitants who were passing through the area in the early hours, who immediately notified the authorities, according to the local press.
> 
> The National Police went to the scene and cordoned off the area to preserve the scene while awaiting the arrival of the Technical Investigation Corps (CTI). The CTI experts carried out the removal of the body and its subsequent transfer to the morgue of Forensic Medicine in Riohacha, where the corresponding analyzes are expected to be carried out.
> 
> The victim's identity was confirmed hours later by family members and acquaintances through social media, after her disappearance was reported on Monday afternoon. This tragic event has generated outrage and sadness. The LGBT community is calling for justice and a prompt investigation to clarify the motives behind this crime.

https://www.eltiempo.com/colombia/otras-ciudades/el-macabro-hallazgo-del-cuerpo-de-mujer-trans-en-riohacha-denuncian-amenazas-a-comunidad-lgbtiq-3424292

https://www.eluniversal.com.co/sucesos/2025/02/04/encuentran-muerta-a-mujer-trans-con-impactos-de-bala-en-un-puente/

https://laguajirahoy.com/judiciales/encuentran-cadaver-que-pertenencia-a-mujer-trans-oriunda-de-la-guajira.html

https://www.elheraldo.co/la-guajira/2025/02/04/asesinan-a-mujer-trans-en-riohacha/

https://diariodelnorte.net/judiciales/hallan-muerto-de-varios-disparos-y-amordazado-a-miembro-de-la-comunidad-lgtbiq-en-zona-rural-de-riohacha/

https://caribeafirmativo.lgbt/hallan-cuerpo-de-mujer-trans-en-la-via-a-mingueo-en-el-sur-de-la-guajira/

https://www.instagram.com/mvelandiam/p/DF2zD03RLRi/","The body of Daniella Muttis was found on a bridge in Riohacha, La Guajira (Colombia) on 4 Feb 2025. She was gagged and had been shot multiple times. #SayHerName #TransLivesMatter #TDoR",https://tdor.translivesmatter.info/reports/2025/02/04/daniela-muttis_riohacha-la-guajira-colombia_c1c9261c
"Larissa Patrícia Polianna (""Buiu a Bonita"")",,,2025_02_08_Larissa-Patricia-Polianna.jpg,https://d24am.com/amazonas/buiu-a-bonita-morre-apos-ser-atropelada-duas-vezes-em-avenida-de-manaus/,8-Feb-2025,"tgeu/tdor2025/8-Feb-2025/Larissa Patrícia Polianna (""Buiu a Bonita"")",Avenida Coronel Teixeira,Ponta Negra,Manaus,Amazonas,Brazil,-3.0761526,-60.0842223,violence,run over,"Larissa died in a hit and run incident.

> A trans woman identified in the police report as [deadname] and on social media as Larissa Patrícia Polianna, the influencer 'Buiu a Bonita', died after being hit by two cars while trying to cross Avenida Coronel Teixeira, in Ponta Negra, West Zone of Manaus. 
> 
> The [incident] occurred on Saturday night (8) and was witnessed by coconut vendors. One of them said that the victim was trying to cross the road when she was hit and thrown by a car of unknown characteristics. Soon after, a white Honda Civic ran over the body, which was crushed and [redacted] across the avenida.
> 
> Neither driver stopped to provide assistance. The victim's body was removed to the Forensic Medical Institute (IML), and the case will be investigated by the Specialized Traffic Accident Unit (DEAT).
> 
> The influencer's wake will be held at the Evangelical Assembly of God church in Pará in the Amazon, located at Rua Isarel, nº 55, Fátima I neighborhood. 

Larissa's Instagram profile was https://www.instagram.com/buiuabonita/, but the account has since been deleted.

<blockquote class=""instagram-media"" data-instgrm-captioned data-instgrm-permalink=""https://www.instagram.com/reel/DH_NSpruVa8/?utm_source=ig_embed&amp;utm_campaign=loading"" data-instgrm-version=""14"" style="" background:#FFF; border:0; border-radius:3px; box-shadow:0 0 1px 0 rgba(0,0,0,0.5),0 1px 10px 0 rgba(0,0,0,0.15); margin: 1px; max-width:540px; min-width:326px; padding:0; width:99.375%; width:-webkit-calc(100% - 2px); width:calc(100% - 2px);""><div style=""padding:16px;""> <a href=""https://www.instagram.com/reel/DH_NSpruVa8/?utm_source=ig_embed&amp;utm_campaign=loading"" style="" background:#FFFFFF; line-height:0; padding:0 0; text-align:center; text-decoration:none; width:100%;"" target=""_blank""> <div style="" display: flex; flex-direction: row; align-items: center;""> <div style=""background-color: #F4F4F4; border-radius: 50%; flex-grow: 0; height: 40px; margin-right: 14px; width: 40px;""></div> <div style=""display: flex; flex-direction: column; flex-grow: 1; justify-content: center;""> <div style="" background-color: #F4F4F4; border-radius: 4px; flex-grow: 0; height: 14px; margin-bottom: 6px; width: 100px;""></div> <div style="" background-color: #F4F4F4; border-radius: 4px; flex-grow: 0; height: 14px; width: 60px;""></div></div></div><div style=""padding: 19% 0;""></div> <div style=""display:block; height:50px; margin:0 auto 12px; width:50px;""><svg width=""50px"" height=""50px"" viewBox=""0 0 60 60"" version=""1.1"" xmlns=""https://www.w3.org/2000/svg"" xmlns:xlink=""https://www.w3.org/1999/xlink""><g stroke=""none"" stroke-width=""1"" fill=""none"" fill-rule=""evenodd""><g transform=""translate(-511.000000, -20.000000)"" fill=""#000000""><g><path d=""M556.869,30.41 C554.814,30.41 553.148,32.076 553.148,34.131 C553.148,36.186 554.814,37.852 556.869,37.852 C558.924,37.852 560.59,36.186 560.59,34.131 C560.59,32.076 558.924,30.41 556.869,30.41 M541,60.657 C535.114,60.657 530.342,55.887 530.342,50 C530.342,44.114 535.114,39.342 541,39.342 C546.887,39.342 551.658,44.114 551.658,50 C551.658,55.887 546.887,60.657 541,60.657 M541,33.886 C532.1,33.886 524.886,41.1 524.886,50 C524.886,58.899 532.1,66.113 541,66.113 C549.9,66.113 557.115,58.899 557.115,50 C557.115,41.1 549.9,33.886 541,33.886 M565.378,62.101 C565.244,65.022 564.756,66.606 564.346,67.663 C563.803,69.06 563.154,70.057 562.106,71.106 C561.058,72.155 560.06,72.803 558.662,73.347 C557.607,73.757 556.021,74.244 553.102,74.378 C549.944,74.521 548.997,74.552 541,74.552 C533.003,74.552 532.056,74.521 528.898,74.378 C525.979,74.244 524.393,73.757 523.338,73.347 C521.94,72.803 520.942,72.155 519.894,71.106 C518.846,70.057 518.197,69.06 517.654,67.663 C517.244,66.606 516.755,65.022 516.623,62.101 C516.479,58.943 516.448,57.996 516.448,50 C516.448,42.003 516.479,41.056 516.623,37.899 C516.755,34.978 517.244,33.391 517.654,32.338 C518.197,30.938 518.846,29.942 519.894,28.894 C520.942,27.846 521.94,27.196 523.338,26.654 C524.393,26.244 525.979,25.756 528.898,25.623 C532.057,25.479 533.004,25.448 541,25.448 C548.997,25.448 549.943,25.479 553.102,25.623 C556.021,25.756 557.607,26.244 558.662,26.654 C560.06,27.196 561.058,27.846 562.106,28.894 C563.154,29.942 563.803,30.938 564.346,32.338 C564.756,33.391 565.244,34.978 565.378,37.899 C565.522,41.056 565.552,42.003 565.552,50 C565.552,57.996 565.522,58.943 565.378,62.101 M570.82,37.631 C570.674,34.438 570.167,32.258 569.425,30.349 C568.659,28.377 567.633,26.702 565.965,25.035 C564.297,23.368 562.623,22.342 560.652,21.575 C558.743,20.834 556.562,20.326 553.369,20.18 C550.169,20.033 549.148,20 541,20 C532.853,20 531.831,20.033 528.631,20.18 C525.438,20.326 523.257,20.834 521.349,21.575 C519.376,22.342 517.703,23.368 516.035,25.035 C514.368,26.702 513.342,28.377 512.574,30.349 C511.834,32.258 511.326,34.438 511.181,37.631 C511.035,40.831 511,41.851 511,50 C511,58.147 511.035,59.17 511.181,62.369 C511.326,65.562 511.834,67.743 512.574,69.651 C513.342,71.625 514.368,73.296 516.035,74.965 C517.703,76.634 519.376,77.658 521.349,78.425 C523.257,79.167 525.438,79.673 528.631,79.82 C531.831,79.965 532.853,80.001 541,80.001 C549.148,80.001 550.169,79.965 553.369,79.82 C556.562,79.673 558.743,79.167 560.652,78.425 C562.623,77.658 564.297,76.634 565.965,74.965 C567.633,73.296 568.659,71.625 569.425,69.651 C570.167,67.743 570.674,65.562 570.82,62.369 C570.966,59.17 571,58.147 571,50 C571,41.851 570.966,40.831 570.82,37.631""></path></g></g></g></svg></div><div style=""padding-top: 8px;""> <div style="" color:#3897f0; font-family:Arial,sans-serif; font-size:14px; font-style:normal; font-weight:550; line-height:18px;"">View this post on Instagram</div></div><div style=""padding: 12.5% 0;""></div> <div style=""display: flex; flex-direction: row; margin-bottom: 14px; align-items: center;""><div> <div style=""background-color: #F4F4F4; border-radius: 50%; height: 12.5px; width: 12.5px; transform: translateX(0px) translateY(7px);""></div> <div style=""background-color: #F4F4F4; height: 12.5px; transform: rotate(-45deg) translateX(3px) translateY(1px); width: 12.5px; flex-grow: 0; margin-right: 14px; margin-left: 2px;""></div> <div style=""background-color: #F4F4F4; border-radius: 50%; height: 12.5px; width: 12.5px; transform: translateX(9px) translateY(-18px);""></div></div><div style=""margin-left: 8px;""> <div style="" background-color: #F4F4F4; border-radius: 50%; flex-grow: 0; height: 20px; width: 20px;""></div> <div style="" width: 0; height: 0; border-top: 2px solid transparent; border-left: 6px solid #f4f4f4; border-bottom: 2px solid transparent; transform: translateX(16px) translateY(-4px) rotate(30deg)""></div></div><div style=""margin-left: auto;""> <div style="" width: 0px; border-top: 8px solid #F4F4F4; border-right: 8px solid transparent; transform: translateY(16px);""></div> <div style="" background-color: #F4F4F4; flex-grow: 0; height: 12px; width: 16px; transform: translateY(-4px);""></div> <div style="" width: 0; height: 0; border-top: 8px solid #F4F4F4; border-left: 8px solid transparent; transform: translateY(-4px) translateX(8px);""></div></div></div> <div style=""display: flex; flex-direction: column; flex-grow: 1; justify-content: center; margin-bottom: 24px;""> <div style="" background-color: #F4F4F4; border-radius: 4px; flex-grow: 0; height: 14px; margin-bottom: 6px; width: 224px;""></div> <div style="" background-color: #F4F4F4; border-radius: 4px; flex-grow: 0; height: 14px; width: 144px;""></div></div></a><p style="" color:#c9c8cd; font-family:Arial,sans-serif; font-size:14px; line-height:17px; margin-bottom:0; margin-top:8px; overflow:hidden; padding:8px 0 7px; text-align:center; text-overflow:ellipsis; white-space:nowrap;""><a href=""https://www.instagram.com/reel/DH_NSpruVa8/?utm_source=ig_embed&amp;utm_campaign=loading"" style="" color:#c9c8cd; font-family:Arial,sans-serif; font-size:14px; font-style:normal; font-weight:normal; line-height:17px; text-decoration:none;"" target=""_blank"">A post shared by Portal Do Bairro • Notícias e Denúncias (@portaldobairrooficial)</a></p></div></blockquote>
<script async src=""//www.instagram.com/embed.js""></script>

https://www.acritica.com/policia/mulher-trans-morre-atropelada-por-dois-carros-na-ponta-negra-motoristas-fugiram-1.364104

https://d24am.com/amazonas/buiu-a-bonita-morre-apos-ser-atropelada-duas-vezes-em-avenida-de-manaus/

https://www.instagram.com/reel/DF5cECgI6iw/","Larissa Patrícia Polianna died after being hit by two vehicles in a hit and run incident in Manaus, Amazonas (Brazil) on 8 Feb 2025. #SayHerName #TransLivesMatter #TDoR",https://tdor.translivesmatter.info/reports/2025/02/08/larissa-patricia-polianna-buiu-a-bonita_manaus-amazonas-brazil_6a643235
Tahiry Broom,29,,2025_02_11_Tahiry-Broom.jpg,https://www.wxyz.com/news/southfield-man-charged-in-murder-of-transgender-woman-over-the-weekend,11-Feb-2025,tgeu/tdor2025/11-Feb-2025/Tahiry Broom,"Riverstone Apartments, 25000 Shiawassee Road",,Southfield,Michigan,USA,42.4448586,-83.296482,violence,shot,"Tahiry was shot and killed after an altercation with a man. He has been arrested on second-degree murder charges.

> The Michigan LGBTQ+ community is grieving the loss of Tahiry Broom, a 29-year-old transgender woman from Cleveland who was fatally shot in Southfield on Feb. 9. Robert Ridges III, 28, has been charged with second-degree murder in connection with her death.
> 
> Prosecutors allege that Ridges met Broom near the Riverstone Apartments complex before the shooting occurred following an altercation. According to multiple reports, Broom was found dead, facedown in the snow outside the apartment complex on the morning of Feb. 9.
> 
> Ridges was arrested at the MGM Grand Casino in Detroit hours later. He faces multiple charges, including second-degree murder, carrying a concealed weapon and felony firearm possession. Ridges' bond was denied and his next court appointment is Feb. 26.


Tahiry's aunt described her as ""Funny, smart like one of those people that can walk into the darkest room and find some light in it"", and expressed hope that others would remember her for that rather than what she did for work.

> ""She shine a light that's gonna shine forever and ever and ever and ever"".

https://www.advocate.com/crime/transgender-woman-tahiry-broom-killed

https://www.pghlesbian.com/2025/02/29-year-old-black-trans-woman-tahiry-broom-killed-in-detroit/

https://www.cbsnews.com/detroit/news/southfield-man-charged-in-murder-of-woman/

https://www.them.us/story/tahiry-broom-black-trans-woman-detroit-killing-brilliant-vibrant-confident

https://www.wxyz.com/news/why-did-you-do-that-family-of-tahiry-broom-murdered-trans-woman-speaks-out

https://pridesource.com/article/murder-of-tahiry-broom

https://www.wxyz.com/news/southfield-man-charged-in-murder-of-transgender-woman-over-the-weekend

https://www.msn.com/en-us/crime/general/tahiry-broom-s-family-wants-answers-after-the-29-year-old-black-trans-woman-s-murder/ar-AA1zAsBd

https://www.candgnews.com/news/local-man-charged-with-murder-following-shooting-at-southfield-apartment-complex-7693

https://nbjc.org/nbjc-mourns-the-stolen-lives-of-sam-nordquist-and-tahiry-broom/

https://www.newsbreak.com/wxyz-detroit-7-action-news-563681/3806488721393-southfield-man-charged-in-murder-of-transgender-woman-over-the-weekend

https://www.theoaklandpress.com/2025/02/12/police-say-murder-victim-was-transgendered-sex-worker-accused-killer-arraigned-and-held-without-bond/","Tahiry Broom was shot in Detroit, Michigan (USA) on 11 Feb 2025.

She was 29. #SayHerName #TransLivesMatter #TDoR",https://tdor.translivesmatter.info/reports/2025/02/11/tahiry-broom_southfield-michigan-usa_ccfc15b3
Gulalai,23,,2025_02_13_Gulalai.jpg,https://x.com/NaseemaZaidi/status/1891095719974482130,13-Feb-2025,tgeu/tdor2025/13-Feb-2025/Gulalai / Gurgora,"Faisal Plaza, Tangi Road",,Charsadda,Khyber Pakhtunkhwa,Pakistan,34.1683263,71.7066244,violence,shot and strangled,"Gulalai died after being shot in the back and strangled with a scarf.

> CHARSADDA: Another transgender person has been brutally murdered in Khyber Pakhtunkhwa’s Charsadda district, heightening concerns over the safety of the community.
> 
> According to police, an unidentified assailant shot and strangled 23-year-old Gulalai, also known as [deadname] alias Gurgura, on Wednesday night around 11 PM. The incident occurred at Faisal Plaza on Tangi Road.
> 
> The FIR states that the victim, originally from Ajara village in Tehsil Tangi, was shot in the back and strangled with a scarf. A case has been registered under Section 302 against an unknown suspect.
> 
> Munsif, the victim's brother, told TNN that he received a call from Charsadda District Headquarters Hospital at around 3 AM, informing him that his sibling’s body was in the morgue: ""When I arrived, I saw my [sister] had been shot and strangled. After the post-mortem, we took the body back to our village and buried [her] at 2 PM on Thursday.""
> 
> Following the murder, police conducted raids at various locations but have yet to make any arrests. However, sources said that a mobile phone recovered from the crime scene could lead investigators to the suspect.

*[Editor's Note: The victim's name given variously as Gorgora, Gurgora and Gulalai in various reports. This page gives her name as Gulalai, as this is the name used on a social media post which includes her photo]*

https://tnnenglish.com/transgender-person-killed-in-charsadda-fear-grips-community

https://www.nation.com.pk/14-Feb-2025/transgender-person-shot-dead-in-bedroomin-charsadda

https://www.urdupoint.com/en/pakistan/transgender-shot-dead-in-charsadda-1923369.html

https://www.thenews.com.pk/print/1282577-transgender-person-killed

https://mashriqtv.pk/en/2025/02/13/transgender-shot-dead-in-charsadda/

https://www.dawn.com/news/1891890/transgender-person-shot-dead-in-charsadda

https://www.app.com.pk/domestic/transgender-shot-dead-in-charsadda/

https://x.com/NaseemaZaidi/status/1891095719974482130","Gulalai died after being shot in the back and strangled with a scarf in Charsadda, Khyber Pakhtunkhwa (Pakiistan) on 13 Feb 2025.

She was 23.  #SayHerName #TransLivesMatter #TDoR",https://tdor.translivesmatter.info/reports/2025/02/13/gulalai_charsadda-khyber-pakhtunkhwa-pakistan_d9b2d9a2
Sam Nordquist,24,,2025_02_14_Sam-Nordquist.jpg,https://cbainfo.com.ar/lifestyle/la-policia-de-nueva-york-encuentra-cuerpo-de-hombre-desaparecido-que-segun-dicen-fue-torturado-durante-mas-de-un-mes-por-5-personas/112476/,14-Feb-2025,tgeu/tdor2025/14-Feb-2025/Sam Nordquist,Payne Rd,Benton,Canandaigua,New York,USA,42.7363812,-77.1247058,violence,tortured and beaten,"Sam died after being horrifically tortured over an extended period by a group of several people. Reportedly they even coerced two children into toturing Sam.

Seven people were charged in connection with his murder.

> Farmington, N.Y. (WHAM) — Five people face murder charges after a transgender man reported missing in Ontario County was found dead in a field in Yates County, apparently after enduring months of torture, according to authorities.
> 
> ""In my 20-year law enforcement career, this is one of the most horrific crimes I have ever investigated,"" New York State Police Captain Kelly Swift said.
> 
> New York State Police said Sam Nordquist, 24, of Oakdale, Minnesota, arrived in New York state in September and was staying at Patty's Lodge in Hopewell. He was last in contact with loved ones in late January and was last seen earlier this month.
> 
> Police launched a missing person investigation Sunday after receiving a welfare check request from Nordquist's family. They determined Nordquist had been staying at Patty's Lodge with Precious Arzuaga, 38, of Geneva, and others.
> 
> Swift said Nordquist ""endured prolonged physical and psychological abuse"" and ""repeated acts of violence and torture"" between early December and early February.
> 
> According to a felony complaint, the suspects sexually assaulted Nordquist with a table leg and broomsticks, and beat him with sticks, dog toys, ropes and belts until he died. His body ""was then transported in an attempt to conceal the crime"".
> 
> Swift said police executed a search warrant Thursday inside Apartment 22 at Patty's Lodge. They found Nordquist's body Thursday in a field off Payne Road in the town of Benton.
> 
> Arzuaga and four other suspects were arrested and charged with second-degree murder. The five suspects were arraigned overnight and are being held in the Ontario County Jail without bail. District Attorney Jim Ritts said he anticipates grand jury action ""very quickly.""
> 
> ""The facts and the circumstances of this crime are beyond depraved,"" Ritts said. ""This is by far the worst homicide investigation that our office has ever been a part of. It is an ongoing investigation, so we are necessarily limited in the things that we can talk about. But no human being should have to endure what Sam endured.""

https://kstp.com/kstp-news/top-news/family-friends-of-minnesota-transgender-man-killed-in-new-york-state-gather-to-honor-his-life/

https://www.advocate.com/crime/seven-suspects-sam-nordquist-appear-court

https://www.lgbtqnation.com/2025/03/depraved-of-trans-man-being-compared-to-1998-slaying-of-matthew-shepard/

https://www.timesunion.com/news/article/albany-grief-fear-outrage-follow-sam-20219312.php

https://www.upi.com/Top_News/US/2025/03/11/suspects-plead-not-guilty-Sam-Nordquist-murder/1161741748032/

https://metro.co.uk/2025/03/11/seven-people-tortured-trans-man-death-court-plea-22710132/

https://13wham.com/news/local/gallery/7-suspects-accused-of-transgender-mans-murder-in-ontario-county-plead-not-guilty-sam-nordquist-missing-minnesota-canandaigua-hopewell-arraignment?photo=3

https://13wham.com/news/local/7-suspects-accused-of-transgender-mans-murder-in-ontario-county-plead-not-guilty-sam-nordquist-missing-minnesota-canandaigua-hopewell-arraignment

https://www.nbcnews.com/news/crime-courts/7-people-charged-death-sam-nordquist-plead-not-guilty-torture-killing-rcna195825

https://www.thepinknews.com/2025/03/11/sam-nordquist-protestors-death-trans/

https://www.whec.com/top-news/seven-suspects-in-murder-and-torture-of-sam-nordquist-due-in-court-for-arraignment/

https://waynetimes.com/national/indictment-outlines-charges-against-7-people-accused-of-sam-nordquists-murder/

https://www.nbcnews.com/news/us-news/sam-nordquist-killing-room-22-rcna194129

https://www.wkrn.com/news/national/da-suspects-in-sam-nordquists-death-treated-him-like-a-dog-forced-children-to-take-part-in-torture/

https://www.msnbc.com/top-stories/latest/sam-nordquist-torture-murder-charge-rcna195194

https://13wham.com/news/local/why-no-hate-crime-for-nordquist-lawyer-weighs-in-transgender-minnesota-man-ontario-county-death-murder-investigation-charges

https://toofab.com/2025/03/06/sam-nordquist-murder-children-participated-details-emerge/

https://nypost.com/video/transgender-man-sam-nordquist-was-tortured-and-murdered-in-ny-what-you-need-to-know/

https://www.wkbn.com/news/national-world/da-suspects-in-killing-of-transgender-man-treated-him-like-a-dog-forced-children-to-take-part-in-torture/

https://www.advocate.com/crime/children-forced-participate-nordquist-torture

https://www.advocate.com/crime/children-forced-participate-nordquist-torture

https://www.wkbn.com/news/national-world/da-suspects-in-killing-of-transgender-man-treated-him-like-a-dog-forced-children-to-take-part-in-torture/amp/

https://people.com/7-suspects-charged-with-murder-in-killing-of-sam-nordquist-11692133

https://bringmethenews.com/minnesota-news/indictment-details-brutal-torture-of-minnesotan-sam-nordquist-in-new-york-motel

https://www.thepinknews.com/2025/03/06/sam-nordquist-trans-death-new-york-crime/

https://www.syracuse.com/crime/2025/03/why-torture-and-killing-of-transgender-man-in-the-finger-lakes-was-not-charged-as-a-hate-crime.html

https://nypost.com/2025/03/06/us-news/two-kids-forced-to-help-torture-transgender-man-sam-nordquist-in-upstate-ny-motel/

https://www.dawn.com/news/1896172/torture-murder-of-trans-man-in-us-shines-light-on-rising-fears

https://globalnation.inquirer.net/266041/torture-murder-of-new-york-trans-man-shines-light-on-rising-fears

https://www.rollingstone.com/culture/culture-news/sam-nordquist-murder-transgender-indictment-1235289819/

https://www.them.us/story/sam-nordquist-indictment-grand-jury-charges-upgraded-torture-killing

https://eu.usatoday.com/story/news/nation/2025/03/05/sam-nordquist-new-york-indictment-torture-murder/81635684007/

https://www.nytimes.com/2025/03/05/nyregion/sam-nordquist-murder-transgender-hate.html

https://www.cbsnews.com/minnesota/news/indictment-outlines-sam-nordquist-torture/

https://www.kaaltv.com/news/seven-people-charged-with-murder-of-sam-nordquist-have-been-indicted/

https://www.the-independent.com/news/world/americas/crime/sam-nordquist-murder-new-details-b2709755.html

https://kfgo.com/2025/03/05/prosecutor-says-minnesota-man-murdered-in-new-york-state-was-treated-like-a-dog/

https://www.wjbf.com/news/national/ap-us-news/ap-man-treated-like-a-dog-before-murder-in-upstate-new-york-prosecutor-says/

https://fox40.com/news/national/ap-us-news/ap-man-treated-like-a-dog-before-murder-in-upstate-new-york-prosecutor-says/

https://pix11.com/news/local-news/das-office-explains-why-sam-nordquists-torture-death-is-not-a-hate-crime/

https://www.fox9.com/news/minnesota-transgender-man-killed-new-york-seeing-girlfriend-was-tortured-month

https://apnews.com/article/new-york-transgender-torture-death-55dbd293374c1686b43e15313d68be44

https://www.nbcnews.com/news/us-news/disturbing-details-emerge-death-sam-nordquist-transgender-man-tortured-rcna194850

https://www.syracuse.com/crime/2025/03/prosecutor-2-children-forced-to-torture-sam-nordquist-7-people-now-face-1st-degree-murder.html

https://cnycentral.com/news/new-york-news/indictment-outlines-charges-against-7-people-accused-of-sam-nordquist-murder-missing-transgender-man-minnesota-ontario-county-yates-finger-lakes-canandaigua-hopewell

https://13wham.com/news/local/indictment-outlines-charges-against-7-people-accused-of-sam-nordquist-murder-missing-transgender-man-minnesota-ontario-county-yates-finger-lakes-canandaigua-hopewell

https://www.whec.com/top-news/nysp-will-give-update-in-investigation-into-murder-of-sam-nordquist-on-wednesday/

https://kstp.com/kstp-news/top-news/wake-for-minnesota-trans-man-killed-in-new-york-to-be-held-monday/

https://glaad.org/releases/glaad-statement-on-the-tragic-murder-of-sam-nordquist/

https://cbainfo.com.ar/lifestyle/la-policia-de-nueva-york-encuentra-cuerpo-de-hombre-desaparecido-que-segun-dicen-fue-torturado-durante-mas-de-un-mes-por-5-personas/112476/

https://apnews.com/article/new-york-transgender-man-torture-74cc7632d43ec97f2985218f240c938c

https://cbs6albany.com/news/local/4-arrested-in-ontario-county-disappearance-of-minnesota-man

https://www.fox9.com/news/sam-nordquist-minnesota-new-york-torture

https://web.archive.org/web/20250215083919/https://www.weny.com/story/52384142/missing-trans-man-found-dead-in-yates-co-field-hate-crime-being-investigated

https://web.archive.org/web/20250215084706/https://www.whec.com/top-news/nysp-announce-four-arrests-in-case-of-missing-person-last-seen-in-canandaigua/

https://web.archive.org/web/20250215015810/https://www.syracuse.com/crime/2025/02/missing-transgender-man-was-tortured-for-over-a-month-and-killed-in-finger-lakes.html

https://www.facebook.com/MissingPeopleInAmerica/posts/pfbid032o9hbLrJcgaxoc3nPwspLn4ZocfwJyf1n2BcLuvQTWMob1jLEn9n2Ve5USsNLrzUl

https://www.youtube.com/watch?v=xQ8gIPl8olI

https://www.youtube.com/watch?v=S2A95D8MgPU

https://www.youtube.com/watch?v=L886I6mrZos

https://www.youtube.com/watch?v=HeeFZw7Y-_c

https://www.youtube.com/watch?v=i3ly_U3FMKU

https://www.youtube.com/watch?v=APXzuT9U_oE

https://www.youtube.com/watch?v=60ndyV7XIPE

https://www.youtube.com/watch?v=XMkUVcDkbm4

https://www.youtube.com/watch?v=ooxtLOQrZNc

https://www.youtube.com/watch?v=fgqi5Bh6uUQ

https://www.youtube.com/watch?v=XRDF0wgG_Mo","Sam Nordquist died in Canandaigua, New York (USA) on 14 Feb 2025 after being horrifically tortured over an extended period by a group of several people.

He was 24. #SayHisName #TransLivesMatter #TDoR",https://tdor.translivesmatter.info/reports/2025/02/14/sam-nordquist_canandaigua-new-york-usa_e8c057e4
Sofia,about 30,,,,14-Feb-2025,tgeu/tdor2025/14-Feb-2025/Sofia,,Charneca,Betim,Minas Gerais,Brazil,34.300552,73.2150656,violence,shot,"Sofia's body was found with gunshot wounds on a road in a rural area. According to police she had tried to flee from her attacker.

> A [trans woman], known as Sofia, was shot dead on a rural road in the Charneca neighborhood, in Betim, in the Metropolitan Region of Belo Horizonte, on the night of this Friday (14).
> 
> According to the Military Police, the victim was shot at least four times in the legs, torso, neck and head.
> 
> Police believe the victim tried to flee from the attacker, but was shot in the legs and then executed. The body was on a dirt road.
> 
> The technical experts collected four 9mm ammunition capsules. The body was sent to the Betim Forensic Medical Post.

https://www.sistemampa.com.br/noticias/bh-24-horas/travesti-e-morta-a-tiros-em-estrada-rural-de-betim/

https://www.em.com.br/gerais/2025/02/7061722-travesti-sofia-e-executada-a-tiros-apos-programa-em-betim.html

https://www.betimonline.com/noticias/travesti-e-executada-a-tiros-apos-programa-em-betim

https://bh24horas.com.br/noticias/policial/travesti-e-morta-a-tiros-em-estrada-rural-de-betim/

https://www.otempobetim.com.br/cidades/2025/2/15/travesti-e-encontrada-morta-a-tiros-em-estrada-rural-em-betim

https://www.msn.com/pt-br/noticias/brasil/travesti-sofia-%C3%A9-executada-a-tiros-ap%C3%B3s-programa-em-betim/ar-AA1z6SVn

https://www.itatiaia.com.br/cidades/2025/02/15/travesti-e-morta-a-tiros-em-estrada-de-terra-em-betim

https://www.otempo.com.br/cidades/2025/2/15/travesti-e-encontrada-morta-a-tiros-em-estrada-rural-em-betim

https://pordentrodeminas.com.br/noticias/gerais/2025/02/travesti-sofia-e-morta-a-tiros-em-estrada-rural-em-betim/","Sofia's body was found with gunshot wounds on a road in a rural area in Betim, Minas Gerais (Brazil) on 14 Feb 2025. 

According to police she had tried to flee from her attacker. #SayHerName #TransLivesMatter #TDoR",https://tdor.translivesmatter.info/reports/2025/02/14/sofia_betim-minas-gerais-brazil_65702c4f
Name Unknown,30-40,,,,15-Feb-2025,tgeu/tdor2025/15-Feb-2025/Name Unknown,,"Kaithalapur, Kukatpally ",Hyderabad,Telegana,India,17.46633871,78.39988624,violence,not reported,"The body of the victim was found in undergrowth in suspicious circumstances.

> Hyderabad: An unidentified transgender person was found dead under suspicious circumstances in a secluded spot at Kaithalapur in Kukatpally on Saturday afternoon. The police are investigating if it is a murder.
> 
> According to the police, the body of the victim who is aged in thirties was found lying in a highly decomposed state amidst bushes. It was found by the local residents, who alerted the police.
> 
> The Kukatpally police booked a case and took up investigation. They suspect that the victim was accompanied by some unknown persons to the spot.
> 
> More details on the cause of death will be known after an autopsy, police said.
> 
> The body was shifted to the Gandhi Hospital morgue.

https://telanganatoday.com/hyderabad-body-of-transgender-person-found-in-kukatpally","The body of an unidentified #trans person was found in undergrowth in Hyderabad, Telegana (India) in suspicious circumstances on 15 Feb 2025.

The victim was reported to be in their thirties. #SayTheirName #TransLivesMatter #TDoR",https://tdor.translivesmatter.info/reports/2025/02/15/name-unknown_hyderabad-telegana-india_200e9372
Ervianna Johnson,25,,2025_02_19_Ervianna-Johnson.jpg,https://web.archive.org/web/20250315230318/https://www.nrcolumbus.com/news/sbi-investigating-johnson-s-death-as-homicide/article_860c922c-f455-11ef-ab95-eb0f50ab87f8.html,16-Feb-2025,tgeu/tdor2025/16-Feb-2025/Ervianna ‘Baydee’ Johnson,near Bermuda Bay Lane,,Tabor City,North Carolina,USA,34.11107115,-78.79830349,violence,not reported,"Ervianna's body was found near a pond not far from her home on Sunday 16th February, three days after she had gone missing. Ten days later her death was ruled a homicide.

> The homicide of a 25 year old Black trans woman in Tabor, North Carolina on February 19, 2025 came to light after an exhaustive search when her family reported her missing six days prior. Her name was Ervianna “Baydee” Johnson.
> 
> According to BlaqueOut magazine. Ervianna left her home without her phone, keys or belongings at 3:00AM on February 13. This gave her family reason to think she would be back quickly. She did not return so her family began to search for her. On February 16, they filed a missing persons report. Family found Ervianna’s body on Wednesday, Feb 19, 2025. Her body was found near a pond to the south of where she had lived on Bermuda Bay Lane. She was discovered face down without shoes.
> 
> On February 26, police announced that her death was a homicide. The Columbus County Sheriff’s Office (CCSO) is working with the North Carolina State Bureau of Investigation They are awaiting final autopsy results.


Ervianna lived with her birth family and worked at a hotel and as a digital content creator. Her social media paints a vivid picture of a woman full of life, which makes her murder even more tragic.
 
> One thing about social media is that she gets to tell her own story – in images, video, memes, words, all of it. She created the unique story of her life. She repeatedly stated that she wanted to go viral. We could try to make that happen as a tribute to her life versus the story of her death alone.
> 
> She liked GloRilla, Rupaul’s Drag Race, and hip-hop majorette competitions. I was definitely impressed with her drop split.
> 
> Most of all, Ervianna’s family fills her social media, especially her nephews and nieces. She celebrated their birthdays, went to their events, and boasted about them. Clearly, she adored them. One of her final videos was celebrating an unexpected snowfall giving her a chance to have a snowball fight with them.
> 
> She was vibrant in so many ways. It is heartrending that those children will grow up without her. It is tragic she won’t grow up.

https://www.advocate.com/crime/ervianna-johnson-transgender-woman-killed

https://www.pghlesbian.com/2025/03/the-body-of-25-year-old-black-trans-woman-ervianna-baydee-johnson-was-found-near-a-pond-in-north-carolina/

https://web.archive.org/web/20250315230318/https://www.nrcolumbus.com/news/sbi-investigating-johnson-s-death-as-homicide/article_860c922c-f455-11ef-ab95-eb0f50ab87f8.html

https://www.wect.com/2025/02/20/were-going-miss-you-family-finds-body-missing-person-down-street-tabor-city-home/

https://bsky.app/profile/crystalchats.bsky.social/post/3limxffkh722f","The body of Ervianna Johnson was found near a pond not far from her home in Tabor City, North Carolina (USA) on 16 Feb 2025, 3 days after she had gone missing. 10 days later her death was ruled a homicide.

Ervianna was 25. #SayHerName #TransLivesMatter #TDoR",https://tdor.translivesmatter.info/reports/2025/02/16/ervianna-johnson_tabor-city-north-carolina-usa_50ee0b90
Ryan Enrique Skates,16,4-Nov-2008,2025_02_18_Ryan-Enrique-Skates.jpg,https://www.sawyerfuller.com/obituaries/Ryan-Enrique-Skates?obId=37449075,18-Feb-2025,,,,Berkley,Michigan,USA,42.50305911,-83.18346659,suicide,suicide,"Ryan died by suicide.

> Ryan passed away on February 18, 2025. Ryan will be remembered by his parents Becky and Rob, grandmother Marie, grandfather Hank (deceased), aunts, uncles, cousins, Baby Baba, friends and everyone who knew him.
> 
> Ryan had an offbeat sense of humor who enjoyed sharing laughter with his friends and family. He had the strength and courage to bravely live his truth as a trans person. Ryan was an outspoken advocate for LGBTQ+ and women's rights.
> 
> Ryan enjoyed being a member of the ROHS Cross Country and Track teams and was always supportive of his teammates. He was also a proud member of the RATS, working on the technical crew for theatrical productions and concerts. Outside of school, Ryan was a member of Stagecrafters Youth Theater, working in the lighting department. He also volunteered at the Royal Oak Public Library and the Detroit Zoo summer camp.
> 
> Ryan's light will continue to shine every time someone remembers kindness he showed or laughs when they recall something he said or did. He was loved by many. The memory of him will live on.
> 
> A Celebration of Ryan's life will on Saturday, March 1, 2025 at the Sawyer-Fuller Funeral Home, 2125 12 Mile Road, Berkley. Friends and Community are welcome to gather from 10:00 AM until the start of the memorial service at 11:00 AM. The family would like to ask that all those attending wear pink or other bright colors.
> 
> Be kind, for everyone you meet is fighting a battle you know nothing about.
> 
> Memorial contributions would be appreciated to Trevor Project.

https://playersbio.com/royal-oak-hs-student-athlete-ryan-skates-death/

https://www.sawyerfuller.com/obituaries/Ryan-Enrique-Skates?obId=37449075

https://www.legacy.com/us/obituaries/name/ryan-skates-obituary?id=57637402

https://www.facebook.com/permalink.php?story_fbid=122136823832538389&id=61566151679455

https://www.facebook.com/photo.php?fbid=10171404740605624&set=p.10171404740605624&type=3","Ryan Enrique Skates died by suicide in Berkley, Michigan (USA) on 18 Feb 2025.

He was 16. #SayHisName #TransLivesMatter #TDoR",https://tdor.translivesmatter.info/reports/2025/02/18/ryan-enrique-skates_berkley-michigan-usa_1090cb72
Pâmela Nunes Valadares,28,,2025_02_19_Pamela-Nunes-Valadares.jpg,https://www.unicanews.com.br/brasil/transexual-e-assassinada-pelo-namorado-e-cunhado-apos-convida-los-para-comer-pizza/120869,19-Feb-2025,tgeu/tdor2025/19-Feb-2025/Pâmela Nunes Valadares,,,Frutal,Minas Gerais,Brazil,-20.03462971,-48.92894747,violence,"beaten, strangled and hanged","Pâmela was a nursing technician. She was killed by her abusive boyfriend and his brother.

> Nursing technician Pâmela Nunes Valadares, 28, invited her own killers to eat pizza on the night she was killed in Frutal, in the Triângulo Mineiro region.
> 
> The victim's boyfriend and brother-in-law, who are suspected of the crime, told the Civil Police that they were drinking together when the victim tried to slap her brother-in-law. He didn't like it and demanded that Pâmela apologize.
> 
> ""The victim slapped her brother-in-law a second time, who said that he wanted to kill her. He waited for the pizza to be delivered and demanded again that she apologize. When she refused, he went after her, punched her and started to strangle her,"" said Civil Police Chief Fabrício Altemar.
> 
> After seeing his girlfriend being hung by her brother, Pamela's boyfriend said he helped him and they ended up killing her. After dumping the body in the countryside, the suspects returned to the victim's house and even the pizza.
>
> After the gathering that culminated in the murder of the nursing technician, the suspects threw the woman's body into a pit in the rural area of the city.
> 
> According to the PM, a team was called to check the victim's house after she did not show up for work at the hospital. Pâmela's friends had reportedly sent messages to the victim, who responded but refused to send audio messages when requested.
> 
> The friends even told the officers that the victim said that if she disappeared, it would be her boyfriend's fault. She also reported being the victim of aggression committed by her partner.

https://www.unicanews.com.br/brasil/transexual-e-assassinada-pelo-namorado-e-cunhado-apos-convida-los-para-comer-pizza/120869

https://www.em.com.br/gerais/2025/02/7073508-mulher-trans-encontrada-morta-em-cisterna-foi-enforcada-conclui-policia.html#google_vignette

https://g1.globo.com/mg/triangulo-mineiro/noticia/2025/02/20/tecnica-de-enfermagem-e-assassinada-pelo-namorado-e-jogada-em-fossa-rural-em-mg.ghtml

https://g1.globo.com/mg/triangulo-mineiro/noticia/2025/02/22/cunhado-e-namorado-que-assassinaram-tecnica-de-enfermagem-planejavam-mobiliar-casa-nova-com-moveis-dela-em-mg.ghtml

https://sampi.net.br/campinas/noticias/2886300/geral/2025/02/tecnica-de-enfermagem-e-morta-pelo-namorada-e-jogada-em-fossa

https://www.instagram.com/p/DGTMgFHNEL7

https://www.threads.net/@estadodeminas/post/DGoXzEhKFsG/mulher-trans-encontrada-morta-em-cisterna-foi-enforcada-conclui-pol%C3%ADciahttpswwwe

https://x.com/em_com/status/1895579785100681485","Pâmela Nunes Valadares was killed by She was killed by her abusive boyfriend in Frutal, Minas Gerais (Brazil) on 19 Feb 2025.

She was 28, and worked as a nursing technician. #SayHerName #TransLivesMatter #TDoR",https://tdor.translivesmatter.info/reports/2025/02/19/pamela-nunes-valadares_frutal-minas-gerais-brazil_bf7bb133
J. Rodrigues da Silva,,,2025_02_20_J-Rodrigues-da-Silva.jpg,https://moisesaraujo.com.br/2025/02/21/joao-camara-identificado-o-corpo-encontrado-em-area-de-mata-na-estrada-de-pedra-dagua/,20-Feb-2025,tgeu/tdor2025/20-Feb-2025/J. Rodrigues da Silva,,,João Câmara,Rio Grande do Norte,Brazil,-5.568475115,-35.8508527,violence,murdered,"J.'s body was found in undergrowth next to a dirt road leading to a reservoir.

> The body found inside a wooded area on the dirt road that gives access to the Pedra d'Água reservoir on the afternoon of this Thursday (20/02) has been identified. It is that of [deadname] Rodrigues da Silva, who was [transgender] and was brutally murdered.
>
> The police are continuing their investigations and are counting on the public's cooperation to solve the case.

https://moisesaraujo.com.br/2025/02/21/joao-camara-identificado-o-corpo-encontrado-em-area-de-mata-na-estrada-de-pedra-dagua/

https://www.instagram.com/p/DGVqiHKutmE/","The body of J. Rodrigues da Silva was found in undergrowth next to a dirt road leading to a reservoir in João Câmara, Rio Grande do Norte (Brazil) on 20 Feb 2025. #SayHisName #TransLivesMatter #TDoR",https://tdor.translivesmatter.info/reports/2025/02/20/j-rodrigues-da-silva_joao-camara-rio-grande-do-norte-brazil_7e6d0f26
Amyri Dior,23,,2025_02_25_Amyri-Dior.jpg,https://www.fox6now.com/news/milwaukee-fatal-shooting-transgender-woman-killed-family-speaks,21-Feb-2025,tgeu/tdor2025/21-Feb-2025/Amyri Dior,85th and Brown Deer,,Milwaukee,Wisconsin,USA,43.1777133,-88.018343,violence,shot,"Amyri died after being shot. Her killer is being sought by police.

> MILWAUKEE - Milwaukee police are still looking for who shot and killed a 23-year-old on Friday morning, Feb. 21.
> 
> It happened around 12:30 a.m. near 95th and Brown Deer.
> 
> No arrests have been made.
> 
> Family members identify her as Amyri Dior. They said she was transgender. And while no one is in custody, they think that had something to do with her death.
> 
> ""No matter who she came in contact with, she was always a good soul. I just don’t understand why,"" cousin Jakiala Jenkins said. ""She was always truthful with her life. She was just too loving.""
> 
> One person is dead following a shooting in Milwaukee on Friday morning. Feb. 21.
> 
> It's not clear what led up to that shooting. That's why Dior's friends, cousins and family are sharing a message of love on Sunday night.
> 
> ""Live in the truth y’all,"" said Dior’s mother. ""I just want to tell everybody to live in the truth. It doesn’t matter who you are, just open up, be an open book, so your family can know who you are and be able to love you for who you are.""
> 
> Loved ones say Dior loved to dance and sing. But most of all, she was herself.
> 
> ""We just need some type of understanding, of closure,"" [her mother] said. ""We just want all trans [people] to stay safe. Know that you are loved.""

Davion Steed, 22, was subsequently arrested and faces a charge of first-degree intentional homicide.

https://gomag.com/article/amyri-dior-a-black-transgender-woman-was-killed-in-milwaukee/

https://www.advocate.com/crime/transgender-woman-amyri-dior-killed

https://www.fox6now.com/news/milwaukee-transgender-woman-killed-davion-steed-bound-over-trial

https://www.telemundowi.com/news/hombre-de-milwaukee-acusado-de-asesinar-a-una-mujer-transgenero

https://milwaukeenns.org/2025/03/11/her-life-mattered-community-remembers-transgender-woman-amyri-dior/

https://www.cbs58.com/news/milwaukee-man-charged-in-killing-of-transgender-woman

https://www.tmj4.com/news/milwaukee-county/milwaukee-man-charged-in-homicide-of-transgender-woman-amyri-dior

https://www.fox6now.com/news/milwaukee-transgender-woman-killed-suspect-custody-how-happened

https://eu.jsonline.com/story/news/crime/2025/03/13/milwaukee-man-faces-murder-charge-in-killing-of-transgender-woman/82372999007/

https://www.fox6now.com/news/milwaukee-transgender-woman-killed-22-year-old-charged

https://web.archive.org/web/20250313223703/https://www.wisn.com/article/milwaukee-man-charged-in-fatal-shooting-of-transgender-woman/64176743

https://www.pghlesbian.com/2025/02/black-trans-woman-dies-from-multiple-gun-shot-wounds-her-name-was-amyri-dior/

https://www.fox6now.com/news/milwaukee-transgender-woman-killed-police-arrest-22-year-old-man

https://www.tmj4.com/news/milwaukee-county/amyri-dior-remembered-community-confronts-violence-against-black-transgender-people

https://www.fox6now.com/news/milwaukee-transgender-woman-killed-dior-vigil

https://www.binnews.com/content/2025-02-28-community-seeking-justice-in-fatal-shooting-of-black-transgender-woman/

https://eu.jsonline.com/story/news/crime/2025/02/28/shooting-death-of-transgender-milwaukee-woman-investigated-as-homicide/80868988007/

https://www.fox6now.com/news/milwaukee-fatal-shooting-transgender-woman-killed-family-speaks

https://www.fox6now.com/video/1609081

https://www.fox6now.com/video/1606718

https://www.youtube.com/watch?v=uk0WzGBnPaw

https://www.youtube.com/watch?v=4Kn6oNBOEkM","Amyri Dior was shot by an unidentified assailant in Milwaukee, Wisconsin (USA) on 21 Feb 2025.

She was 23. #SayHerName #TransLivesMatter #TDoR",https://tdor.translivesmatter.info/reports/2025/02/21/amyri-dior_milwaukee-wisconsin-usa_65fafc6c
Shalani Dolina,37,,2025_02_21_Shalani-Dolina.jpg,https://outragemag.com/trans-woman-brutally-killed-in-caloocan-highlights-need-to-pass-anti-discrimination-law/,21-Feb-2025,tgeu/tdor2025/21-Feb-2025/Shalani Dolina,,Brgy. Bagong Silang,Caloocan,Metro Manilla,Philippines,14.776602,121.0224698,violence,dismembered,"Shalani's dismembered body was found dumped in a house. Unfortunately we don't know anything about her other than the horrific circumstances in which her body was found.

> Bahaghari UP Tacloban expresses its deepest outrage and condemnation over the brutal  murder of Shalani Dolina, a 37-year-old trans woman, whose lifeless body was discovered on February 21 in Brgy. Bagong Silang, Caloocan City. The details emerging from the police investigation are inhumane and deeply disturbing, with reports indicating her severed leg was found heartlessly stored in an ice cooler, while her body was wrapped in a mattress. This gruesome act is not merely a crime; it is a blatant act of violence fueled by hate, prejudice, and a deep-seated disrespect for human life, specifically targeting a member of our vulnerable LGBTQIA+ community.
>
> This heinous crime against Shalani Dolina is an indictment of the systemic discrimination and prevalent dangers faced by the members of LGBTQIA+ community in the country. This tragedy exposes the urgent need of promoting awareness, understanding, and respect for the rights and identities of LGBTQIA+ community. Violence, harassment, and discrimination remain constant threats to the LGBTQIA+ community simply because of their sexual orientation, gender identity, or expression. Standing against such brutality, we remain in steadfast solidarity with Shalani’s family, friends, and loved ones as they mourn this loss. 
>
> We call for an urgent, thorough, and transparent investigation into Shalani’s murder. The perpetrators of this heinous crime must be held accountable to the fullest extent of the law. We urge authorities to consider the classification of this crime as a hate crime and to prosecute it accordingly, reinforcing the message that violence against LGBTQIA+ individuals has no place in our society. 
>
> The state and the system have repeatedly failed to serve justice for the LGBTQIA+ community, leaving victims of harassment, discrimination, and murder without justice. Time and time again, our existence is denied, our rights ignored—and the long-stalled SOGIESC Equality Bill in Congress is a proof of this neglect the refusal to pass this bill reflects a deep disregard for the safety and dignity of the LGBTQIA+ community. But for as long as we exist, we will continue to resist these injustices.
>
> Bahaghari UP Tacloban remains steadfast in its commitment to advocating for the rights and safety of the LGBTQIA+ community. Shalani’s death should never have happened. It is a painful reflection of the violence and injustice that persist in our society. This is why we remain relentless in our fight for a just, equitable, and inclusive society—one where no one’s life is endangered simply for being who they are.


https://outragemag.com/trans-woman-brutally-killed-in-caloocan-highlights-need-to-pass-anti-discrimination-law/

https://mb.com.ph/2025/06/27/chr-condemns-killings-marked-with-cruelty-impunity-of-2-transgender-women

https://chr.gov.ph/2025/statements/press-statement/statement-of-the-commission-on-human-rights-condemning-the-recent-killings-of-transgender-women/

https://www.instagram.com/p/DGckqAVSS4q/

https://www.facebook.com/melahabijan/posts/tw-trans-violence-killingswe-seek-justice-for-ali-and-kierrawe-seek-justice-for-/1207323604739921/

https://www.facebook.com/watch/?v=3868419193421225","The dismembered body of Shalani Dolina was found in Caloocan, Metro Manilla (Philippines) on 21 Feb 2025.

She was 37. #SayHerName #TransLivesMatter #TDoR",https://tdor.translivesmatter.info/reports/2025/02/21/shalani-dolina_caloocan-metro-manilla-philippines_5a978d0f
Arina Nefs Demchuk,26,,2025_02_26_Arina-Nefs-Demchuk.jpg,https://www.instagram.com/p/CXRTE3uBq5m/,26-Feb-2025,tgeu/tdor2025/26-Feb-2025/Arina Nefs Demchuk,Prospekt Aviatorov Baltiki,,Murino,Leningrad Oblast,Russia,60.05967217,30.44412255,violence,murdered and dismembered,"Arina was murdered by a married couple who then dismembered her body and dumped it next to the river in two suitcases.

> Two suitcases, one black and one pink, were found on March 1 near Slavyanskaya Street, building 3. They were noticed by a ""walrus"" - a local resident who was swimming nearby in the Neva. The man was alarmed by a sharp, unpleasant smell coming from the suitcases. When he opened them, he found fragments of the body of the murdered [woman]. Immediately after this, the man called the police. A criminal investigation was launched into the discovery of the body.
> 
> As it turned out later, the murder was committed on February 26 in a rented apartment on Aviatorov Baltiki Street in the city of Murino in the Leningrad Region. The video from the surveillance cameras shows the married couple rolling two suitcases on wheels out of the entrance.
> 
> The arrest of the suspects was reported on March 3. They turned out to be a married couple, Lolita and Daniil Kuznetsov. They were caught in Petrozavodsk and taken to St. Petersburg for questioning. There, investigators found out that the couple had killed their acquaintance and, in order to hide the traces of the crime, dismembered [her] body, put the remains in suitcases and left them by the Neva.

Arina's Instagram, VK and BigbookName profiles are https://www.instagram.com/arinanefs/, https://vk.com/id171921399 and https://bigbookname.com/user/arina-demchuk-171921399.

https://vecherka-spb.ru/2025/03/05/stali-izvestni-podrobnosti-zhizni-arini-i-yego-raschlenitelei-iz-murino

https://vm.ru/accidents/1210820-ssora-zakonchilas-raschlenenkoj-chto-izvestno-ob-ubijstve-muzhchiny-v-peterburge","Arina Nefs Demchuk was murdered by a married couple who then dismembered and dumped her body in Murino, Leningrad Oblast (Russia) on 26 Feb 2025.

She was 26. #SayHerName #TransLivesMatter #TDoR",https://tdor.translivesmatter.info/reports/2025/02/26/arina-nefs-demchuk_murino-leningrad-oblast-russia_1f995492
Jennifer Michaell Chávez Ramos,23,,2025_02_26_Jennifer-Michaell-Chavez-Ramos.jpg,https://www.youtube.com/watch?v=bD3gJMQIMDg,26-Feb-2025,tgeu/tdor2025/26-Feb-2025/Jennifer Michaell Chávez Ramos,,Las Agujas,Zapopan,Jalisco,Mexico,20.74420727,-103.5130351,violence,kidnapped and murdered,"Jennifer's body was one of many found bagged up in a mass grave. She had been missing since being kidnapped by armed men in October 2023.

> The clandestine grave of Las Agujas, in Zapopan, Jalisco, is the scene of heartbreaking stories, such as that of Jennifer, a trans woman who was illegally deprived of her liberty in October 2023.
>
> With tears in her eyes, a broken voice and Jennifer's face on her chest, Mrs. Silvia recounts the agony and desperation she experienced since she received the news that her daughter had been forcibly taken away by armed men, while she was walking through the streets of the Agrícola neighborhood.
>
> And from the day I was leaving my ranch, when I received that call, they finally killed me as a mother. I ended up all the way to Teuchitlán; I was based here, at the bodies they found nearby, like in Miramar, in Agua Blanca, and that's because my son disappeared from here. I never, ever thought my [daugter] would be in Las Agujas, somewhere near La Venta del Astillero.
>
> Silvia Ramos found her daughter in the Las Agujas pit.
>
> The body of the [woman] who officially bore the name [deadname] was found on February 26 of this year; however, Silvia was notified almost three months later.
>
> The tattoos, as well as the piercings, served as identification. According to the death certificate, the cause of hr death was chest trauma.
>
> When I went to identify [her], my [daughter] was still there. She was still [deadname], Jenny was, whatever you want to call it...[she] was still visible, [her] face still, [her] little face… everything, everything still. And my [daughter] had a face of great anguish, of great sadness. I could still swear to you that they had my [daughter] alive for another year.
>
> Silvia Ramos found her daughter in the ""Las Agujas"" grave.
> 
> On June 14, Jennifer received a proper burial in Ameca, Jalisco. However, this isn't the first time Silvia has said her final goodbye to a daughter. Before Jennifer, her other daughter, Tania, and her husband disappeared and were also found dead.

https://www.nmas.com.mx/guadalajara/localizan-sin-vida-a-mujer-trans-privada-ilegalmente-de-la-libertad-en-la-fosa-de-zapopan/

https://www.excelsior.com.mx/nacional/identifican-cuerpo-de-las-agujas-en-zapopan-suman-mas-de-200-bolsas-con-restos-humanos

https://www.imagentv.com/guadalajara/noticias/imagen-noticias-guadalajara-primera-emision/madre-localiza-su-hijo-trans-en-las-agujas-zapopan

https://www.instagram.com/p/DK3HMX3tTuA/

https://www.facebook.com/BusquedaJal/posts/carlos-yamir-ch%C3%A1vez-ramos-fue-localizado-lamentablemente-sin-vida-agradecemos-tu/1122517839913972/

https://www.telediario.mx/comunidad/guadalajara-realizan-misa-en-la-glorieta-de-las-y-los-desaparecidos

https://www.facebook.com/BusquedaJal/posts/le-has-visto-estamosbuscando-a-carlos-yamir-ch%C3%A1vez-ramos-yo-jennifer-michaell-ch/726011582897935/

https://x.com/LeyendaUrbana07/status/1900749362604446053

http://youtube.com/watch?v=CJ2Y4avKyiU

https://www.youtube.com/watch?v=FAhY_fJ-20E

https://www.youtube.com/watch?v=mRx9m3Z98d8

https://www.youtube.com/watch?v=obQBScu-eV8

https://www.youtube.com/shorts/ZhtPbhjSkEk

https://www.youtube.com/watch?v=bD3gJMQIMDg","The body of Jennifer Michaell Chávez Ramos was one of many found bagged up in a mass grave in Zapopan, Jalisco (Mexico) on 26 Feb 2025.

She was 23 and had been missing since being kidnapped by armed men in Oct 2023. #SayHerName #TransLivesMatter #TDoR",https://tdor.translivesmatter.info/reports/2025/02/26/jennifer-michaell-chavez-ramos_zapopan-jalisco-mexico_43954b23
Linda Becerra Moran,30,,2025_02_27_Linda-Becerra-Moran.jpg,https://www.translatinacoalition.org/blog/2025/3/13/justice-for-linda-becerra-moran-demand-for-accountability-and-community-action,27-Feb-2025,tgeu/tdor2025/27-Feb-2025/Linda Becerra Moran,10000 San Fernando Road,Pacoima,Los Angeles,California,USA,34.2520525,-118.4098153,violence,shot,"Linda died in hospital after being shot by the police sent to help her. She had called 911 because she was being held captive and may have been a victim of sex trafficking.

> A trans woman was shot by police at a Pacoima motel last month after she called 911 for help, then [allegedly] approached officers with a knife, according to video footage released Sunday by the Los Angeles Police Department. Linda Becerra Moran, 30, died Feb. 27 after weeks on life support, leaving her friends and community advocates shaken.
> 
> Becerra Moran had told an emergency operator she was being kidnapped in the 10000 block of San Fernando Road on the morning of Feb. 7.
> 
> Footage of the encounter showed officers speaking in Spanish with a distraught Becerra Moran in the moments leading up to the shooting, keeping their guns drawn as she paced inside a motel room and they stood in the doorway. They opened fire after she moved slowly toward them, the video showed.
> 
> Becerra Moran had reported being held against her will in the motel room as a possible victim of sex trafficking, said Soma Snakeoil, executive director of the Sidewalk Project, a Skid Row nonprofit.
> 
> Becerra Moran was hospitalized in grave condition after the shooting, Snakeoil said, and the decision to end life support was approved by the ethics committee of the hospital where she was being treated after attempts to reach family members in her native Ecuador were unsuccessful. The L.A. County Medical Examiner's Office said information about the case remained limited because ""legal next of kin have not been notified."" The LAPD did not acknowledge the death for more than a week.
> 
> Becerra Moran left behind almost no online presence, and mystery surrounds how she ended up at the San Fernando Valley motel where police shot her. Authorities have so far released few additional details about the deadly encounter, including whether they detained Becerra Moran's alleged captor when they arrived.
> 
> In her conversation with a 911 dispatcher, a distraught-sounding Becerra Moran is heard saying that a man in a different room was holding her against her will, and bringing other men into the room.
> 
> ""I swear to you, I have no reason to lie to you. Lord Jesus Christ,"" she is heard sobbing in the phone. ""Are they forcing you to do this?"" the dispatcher asks. ""Yes,"" Becerra Moran responds.
> 
> A dispatcher then put out an alert to Foothill police units about a possible kidnapping and a person who posed a ""danger to herself,"" police said.
> 
> The video released by police shows a group of officers entering the room and asking Becerra Moran to sit on the bed as she shows them a wound she has on the back of the head from getting hit ""many times"" with a bottle. Later, the officer who was examining her head for injuries suggests to his colleagues that the officers should place her on a mental health ""hold.""
> 
> When a supervisor arrives, she becomes upset and demands that they stay away from her, sobbing and yelling at the officers to leave.
> 
> ""No, if you guys were offering to help, I don't want your help,"" she yells at them. ""What's she saying?"" the supervisor asks. She then begins pushing a mini-fridge in their direction, before grabbing a knife and holding it to her neck, prompting officers to draw their weapons.
> 
> When she moved in their direction, Sanchez opened fire, and she fell onto the bed.


Linda was an independently minded devout Catholic who had previously been helped by the Sidewalk Project when she was homeless and fleeing from sexual violence.

> Snakeoil, whose organization offers services for unhoused people, said she first encountered Becerra Moran at MacArthur Park in late 2023, when police were warning about a serial killer who appeared to be targeting homeless people. At the time, Becerra Moran was ""fleeing from sexual violence,"" Snakeoil said, and the organization worked to get her temporarily housed in local motels. But she never stayed in one place for too long, drifting between Westlake and Hollywood.
> 
> Across Los Angeles County, Snakeoil said, shelter beds for female survivors of human trafficking are scarce, especially for those who are trans or who struggle with mental health.
> 
> Kim Soriano, a researcher with the Sidewalk Project, remembers Becerra Moran for her independent-mindedness. ""She was just determined to survive. She was very resilient; like she knew what she wanted and she knew what she liked and what made her comfortable,"" Soriano said, who would run into her while researching her dissertation on police treatment of trans and queer people at MacArthur Park.
> 
> A devout Catholic, Becerra Moran owned a five-pound statuette of the Virgin of Guadalupe, which took up most of the space in the battered suitcase that she lugged around.
> 
> ""She told me that she carried it all around with her and it offered her protection,"" said Soriano. Once, she recalled, Becerra Moran saying of the statuette: ""Be careful with her, because she's come a long way with me.""
> 
> Over the months, the two of them bonded, Soriano said, talking often about Becerra Moran navigating life as a trans woman of color who supported herself as a sex worker while living on the streets. For her, threats were everywhere. Gangs. Drugs. Police.
> 
> Soriano said Becerra Moran was among the park regulars who expressed a grudging acceptance of law enforcement. Like the others, she'd gotten swept up by the seemingly endless cleanups targeting drug use and theft in the area — tents were dismantled, belongings seized and people forced to leave. And yet she ultimately felt police were there for protection, Soriano said.
> 
> ""She called them when she needed help because she was being held hostage and trafficked and they met her with even more violence,"" Soriano said. ""Maybe she did believe that they would be some type of lifeline for her.""
> 
> Becerra Moran had been awarded a housing voucher, but ""no one had placed her anywhere"" given the city's shortage of short-term shelter and housing options, Soriano said. Eventually, with Soriano's help, she secured a bed at an area shelter.
> 
> She didn't stay long. She was frustrated over having some of her possessions thrown away by shelter staff, shortly after moving in, Soriano said. She also recalled Becerra Moran feeling unsafe after being placed in a dorm-style room with three other occupants. When Becerra Moran ended up back on the streets and lost her phone, Soriano fell out of touch. Soriano said she continued doing her outreach at MacArthur Park, hoping to run into Becerra Moran again. She never did.
> 
> Leigh LaChapelle, an associate director at the Coalition to Abolish Slavery and Trafficking, said Becerra Moran's case was a reminder of why police are not the answer to helping trafficking survivors. In recent years, law enforcement authorities have announced stepped-up crackdowns to curb the business along well-known ""tracks.""
> 
> “They see them through the lens of criminality rather than vulnerability and treat them as people who need support,” said LaChapelle. ""I'm so worried about this getting written off as a mistake or as a sort of exception.""
> 
> Snakeoil, of the Sidewalk Project, said that she visited Becerra Moran several times in the hospital, offering up words of encouragement from her bedside — praying that Becerra Moran could hear them from under a tangle of tubes keeping her alive. During the visits, the room remained under guard by two LAPD officers, Snakeoil said.
> 
> At some point, she noticed that Becerra Moran's cherished Virgin of Guadalupe figure was nowhere to be found. A Sidewalk Project worker rushed off to buy a replacement, which Snakeoil placed beside the hospital bed. It remained there as Snakeoil said their goodbyes.
> 
> “We’re angry,"" Snakeoil said. ""This is a vulnerable woman and a survivor of violence.""

https://www.pghlesbian.com/2025/03/trans-woman-of-color-who-supported-herself-as-a-sex-worker-while-living-on-the-streets-was-killed-by-police-when-she-called-911/

https://sanfernandosun.com/2025/03/26/community-demands-justice-for-trans-woman-fatally-shot-by-lapd/

https://thepridela.com/2025/03/family-sues-city-of-los-angeles-after-lapd-kills-transgender-woman-in-pacoima-motel/

https://laopinion.com/2025/03/19/mujer-trans-pidio-ayuda-al-9-1-1-y-termino-sin-vida-a-manos-de-un-agente-del-lapd/

https://sanfernandosun.com/2025/03/19/trans-woman-called-lapd-for-help-but-was-shot-and-later-died/

https://qvoicenews.com/2025/03/18/family-of-linda-becerra-moran-trans-woman-killed-by-lapd-sue-la/

https://www.translatinacoalition.org/blog/2025/3/13/justice-for-linda-becerra-moran-demand-for-accountability-and-community-action

https://www.foxla.com/news/linda-moran-lapd-shooting

https://www.lgbtqnation.com/2025/03/a-trans-woman-called-911-for-help-police-shot-her/

https://keyt.com/cnn-regional/2025/03/14/lapd-releases-new-video-of-police-shooting-that-left-transgender-woman-from-ecuador-dead/

https://www.cbsnews.com/losangeles/news/woman-fatally-shot-lapd-officers-motel-arleta-lawsuit-city-of-la/

https://abc7.com/post/family-transgender-woman-was-shot-killed-lapd-files-lawsuit-city-los-angeles/16023747/

https://www.latimes.com/california/story/2025-03-09/linda-becerra-moran-lapd-shooting

https://www.newsbreak.com/straight-arrow-news-san-com-1774217/3856776519457-family-of-transgender-woman-shot-and-killed-by-lapd-files-civil-rights-lawsuit

https://san.com/cc/family-of-transgender-woman-shot-and-killed-by-lapd-files-civil-rights-lawsuit/

https://hoodline.com/2025/03/trans-victim-of-sex-trafficking-shot-by-lapd-family-seeks-justice-with-100m-lawsuit-in-los-angeles/

https://www.weny.com/story/52557612/lapd-releases-new-video-of-police-shooting-that-left-transgender-woman-from-ecuador-dead

https://www.erienewsnow.com/story/52557612/lapd-releases-new-video-of-police-shooting-that-left-transgender-woman-from-ecuador-dead

https://kesq.com/cnn-regional/2025/03/14/lapd-releases-new-video-of-police-shooting-that-left-transgender-woman-from-ecuador-dead/

https://ktvz.com/cnn-regional/2025/03/14/lapd-releases-new-video-of-police-shooting-that-left-transgender-woman-from-ecuador-dead/

https://www.advocate.com/crime/transgender-woman-killed-by-police

https://www.thepinknews.com/2025/03/12/linda-becerra-moran-trans-shot-lapd/

https://www.intomore.com/culture/a-trans-woman-was-by-police-after-calling-911/

https://www.huffingtonpost.co.uk/entry/linda-becerra-moran-trans-woman-shot-police_n_67d1e5a5e4b0668b4e9d4e2a

https://abc7.com/post/lapd-releases-new-video-police-shooting-pacoima-left-transgender-woman-ecuador-dead/16017766/

https://abc7.com/post/la-policia-de-los-angeles-difunde-nuevo-video-del-tiroteo-policial-en-pacoima-el-murio-una-mujer-transexual-ecuador/16019224/

https://www.eldiario.ec/mundo-mujer-trans-oriunda-de-ecuador-muere-tras-recibir-un-disparo-de-la-policia-en-estados-unidos/

https://www.cachicha.com/2025/03/mujer-trans-muere-en-los-angeles-durante-incidente-con-la-policia/

https://www.telemundo.com/shows/al-rojo-vivo/crimen-y-violencia/video/investigan-muerte-de-mujer-trans-manos-de-policia-en-los-angeles-tmvo12885063

https://2urbangirls.com/2025/03/lapd-releases-bodycam-footage-of-fatal-shooting-of-trans-sex-worker/

https://www.them.us/story/linda-becerra-moran-trans-sex-worker-911-los-angeles-police-department-officer-shooting

https://www.telemundo52.com/noticias/local/pacoima-mujer-transgenero-muere-encuentro-policial/2743060/

https://www.telemundo52.com/fotosyvideos/la-muerte-de-mujer-transgenero-bajo-investigado-despues-que-de-oficiales-le-disparan/2742926/

https://www.telemundo.com/noticias/noticias-telemundo/crimen-y-violencia/video/revelan-el-video-del-incidente-en-el-que-una-mujer-trans-murio-manos-de-la-policia-en-los-tmvo12883503

https://www.yahoo.com/news/trans-sex-worker-called-911-191353572.html

https://cbainfo.com.ar/lifestyle/una-trabajadora-sexual-trans-llamo-al-911-para-informar-que-fue-secuestrado-los-oficiales-de-lapd-le-dispararon-y-la-mataron/121564/

https://www.carrillofirm.com/linda-moran-killed-in-pacoima-police-shooting/

https://www.youtube.com/watch?v=9UJsJLPh4ic

https://www.youtube.com/watch?v=8Rsm-_F5YdQ

https://www.youtube.com/watch?v=qodpXiLi3Xs

https://www.instagram.com/reel/DHBwh2avDMC/

https://www.youtube.com/watch?v=ZgnTuOVlNGM

https://www.youtube.com/watch?v=M4mWVw-Lji0","Linda Becerra Moran died in hospital in Los Angeles, California (USA) on 27 Feb 2025 after being shot by police after she called 911 because she was being held captive.

Linda was 30. #SayHerName #TransLivesMatter #TDoR",https://tdor.translivesmatter.info/reports/2025/02/27/linda-becerra-moran_los-angeles-california-usa_e35f8ea7
Paola Brattcho,,,2025_02_28_Paola-Brattcho.jpg,https://parawebnews.com/paolla-brattcho-e-morta-durante-briga-em-motel-de-ananindeua/,28-Feb-2025,tgeu/tdor2025/28-Feb-2025/Paola Brattcho,,Águas Lindas,Ananindeua,Pará,Brazil,-1.3917723,-48.4619481,violence,stabbed,"Paola died in a hotel room from stab wounds inflicted by a client who had refused to pay for her services.

> Digital influencer Paola Brattcho was stabbed to death in the early hours of this Saturday (1st). The crime scene was a room at the Motel Afrodite, located on Avenida Débora Calandrine, in the Águas Lindas neighborhood, in Ananindeua. According to information from the Military Police, the accused man is Yago Roger Barreira da Costa , an MMA fighter, who was found bloodied at the scene, with deep cuts on his leg and other parts of his body.
> 
> The man reportedly called the police to report that the woman was trying to stab him, but the situation ended with her already dead and her partner with minor injuries. He was taken to the Metropolitan Hospital.
> 
> In videos published in stories, influencer Brenno Welle, Paola's best friend, shared screenshots of conversations with the influencer while she was at the motel and claimed that Yago had refused to pay what was agreed for the meeting between the couple.
> 
> At the crime scene, the Civil Police (PC) collected three iPhone cell phones, a broken watch, a broken necklace, several sets of keys and Yago's driver's license.
> 
> In a note sent to the Grupo Liberal report, the PC reported that the Homicide Division (DH) team surveyed the crime scene and the case will be investigated by the Feminicide Police Station (DEFEM).
> 
> ""The perpetrator of the crime was also injured and taken to the hospital, where he is in custody,"" the statement said.

https://folhaextra.com/noticia/34770/influencer-trans-paola-bracho-e-assassinada-em-motel

https://br.jetss.com/noticias/brasil/2025/03/influenciadora-trans-e-morta-a-facadas-dentro-de-motel-por-lutador-de-mma-no-para/

https://ric.com.br/seguranca/violencia-contra-a-mulher/lutador-de-mma-e-preso-por-morte-de-influencer-trans-em-motel/

https://www.oliberal.com/policia/suspeito-de-assassinar-mulher-trans-em-motel-nao-fugiu-de-hospital-alega-defesa-1.925599

https://marretaurgente.com.br/lutador-de-mma-e-preso-por-matar-influencer-trans-a-facadas-em-motel/

https://www.uol.com.br/esporte/ultimas-noticias/ag-fight/2025/03/04/lutador-de-mma-e-preso-no-para-sob-suspeita-de-matar-influenciadora-trans.htm

https://ampost.com.br/brasil/lutador-de-mma-e-suspeito-de-matar-influenciadora-trans-dentro-do-quarto-de-motel/

https://g1.globo.com/pa/para/noticia/2025/03/03/lutador-suspeito-de-matar-influencer-trans-em-motel-e-preso-em-flagrante-na-grande-belem.ghtml

https://portaltailandia.com/para/suspeito-de-matar-mulher-trans-em-motel-e-preso/

https://noticias.uol.com.br/cotidiano/ultimas-noticias/2025/03/03/lutador-de-mma-e-preso-por-feminicidio-de-influenciadora-trans-no-para.htm

https://www.folhamax.com/curiosidades/lutador-de-mma-mata-influencer-transexual-dentro-de-motel/479936

https://noticias.r7.com/para/cidade-alerta-para/influencer-trans-paola-bracho-e-assassinada-em-motel-05032025/

https://redeondadigital.com.br/policia/lutador-de-mma-e-preso-suspeito-de-matar-travesti-em-ananindeua/

https://ver-o-fato.com.br/justica-decreta-prisao-de-lutador-suspeito-de-matar-influencer-trans-em-motel/

https://oimpacto.com.br/2025/03/03/lutador-suspeito-de-matar-influencer-trans-em-motel-e-preso-em-flagrante-na-grande-belem/

https://dol.com.br/noticias/policia/896792/justica-mantem-na-prisao-suspeito-de-matar-trans-em-motel?d=1

http://metropoles.com/brasil/lutador-de-mma-e-preso-por-matar-influencer-trans-a-facadas-em-motel

https://redeondadigital.com.br/policia/travesti-morta-motel-ananindeua/

https://revistacenarium.com.br/lutador-de-mma-e-preso-suspeito-de-matar-blogueira-trans-no-para/

https://www.oliberal.com/belem/justica-decide-por-prisao-de-suspeito-de-matar-influencer-em-motel-1.925302?amp=1

https://cm7brasil.com/noticias/policia/travesti-conhecida-como-paola-bracho-e-morta-a-facadas-em-motel-veja-video/

https://dol.com.br/noticias/policia/896581/video-transexual-paola-brattcho-e-morta-dentro-de-motel-em-ananindeua?d=1

https://dol.com.br/noticias/policia/896607/influenciadora-trans-morta-em-motel-viralizou-na-web-com-meme?d=1

https://amp.dol.com.br/noticias/policia/896669/suspeito-de-matar-paolla-brattcho-e-preso-em-ananindeua

https://ver-o-fato.com.br/influenciadora-morta-e-homem-ferido-em-motel-de-ananindeua/

https://www.romanews.com.br/cidades/saiba-quem-e-o-lutador-de-mma-que-matou-influenciadora-trans-em-motel-de-ananindeua-0325

https://parawebnews.com/saiba-quem-e-o-lutador-de-mma-acusado-de-matar-travesti-dentro-de-motel-em-ananindeua/

https://diariodopara.com.br/policia/conheca-a-historia-de-paola-brattcho-influenciadora-assassinada-em-ananindeua/

https://www.oliberal.com/policia/suspeito-de-assassinar-mulher-trans-em-motel-deixa-hospital-apos-atendimento-1.924682

https://www.portalr10.com/noticia/140781/video-influenciadora-trans-paola-brattcho-e-morta-a-facadas-dentro-de-motel

https://www.oliberal.com/policia/lutador-mma-mulher-trans-motel-de-ananindeua-1.924569

https://parawebnews.com/paolla-brattcho-e-morta-durante-briga-em-motel-de-ananindeua/

https://diariodopara.com.br/policia/o-que-se-sabe-sobre-a-morte-da-transexual-paola-brattcho-em-motel-de-ananindeua/

https://www.oliberal.com/policia/lutador-mma-mulher-trans-motel-de-ananindeua-1.924569

https://www.instagram.com/wesleycosta.jor/reel/DGqj8HfRNAk/

https://www.instagram.com/reel/DGq5gTlPlGK

https://www.youtube.com/watch?v=Fo-2qlWhbcQ","Paola Brattcho was stabbed by a client in a hotel room in Ananindeua, Pará (Brazil) on 28 Feb 2025. #SayHerName #TransLivesMatter #TDoR
",https://tdor.translivesmatter.info/reports/2025/02/28/paola-brattcho_ananindeua-para-brazil_24161246
Name Unknown,,,,,28-Feb-2025,tgeu/tdor2025/28-Feb-2025/Name Unknown,"Rio Sergipe, Avenida Rio Branco",,Aracaju,Sergipe,Brazil,-10.9078409,-37.0494028,uncategorised,not reported,"The body of the victim was found floating in the Rio Sergipe (Sergipe river). The cause of her death was not reported.

> On the morning of this Friday (28), locals saw the body of a trans woman floating in the waters of the Sergipe River, in the central region of Aracaju. The Military Fire Department of Sergipe (CBMSE) was called and confirmed the occurrence. The victim has not yet been identified, and the causes of death are being investigated.
> 
> According to CBMSE, the team was working on the aftermath of a fire that occurred on Thursday (27) when they received information about the body in the river. At the scene, firefighters rescued the victim, who, due to the strength of the current, was carried to the banks of the Ponte do Imperador.
> 
> In addition to the firefighters, the Military, Civil and Criminalistics Police participated in the operation to investigate the circumstances of the death. The body was removed from the water and sent to the Legal Medical Institute (IML) and the Technical Expertise for identification and to carry out tests that may clarify the case.

https://93noticias.com.br/corpo-de-mulher-trans-e-encontrado-boiando-no-rio-sergipe-em-aracaju/

https://www.faxaju.com.br/noticias/corpo-de-mulher-trans-e-encontrado-boiando-no-rio-sergipe-na-rua-da-frente-no-centro-de-aracaju/

https://www.istoearacaju.com.br/2025/02/28/corpo-de-mulher-trans-e-encontrado-no-rio-sergipe/

https://a8se.com/tv-atalaia/cidade-alerta/corpo-de-mulher-trans-e-encontrado-no-rio-sergipe/

https://a8se.com/tv-atalaia/balanco-geral-sergipe/corpo-de-mulher-trans-e-encontrado-no-rio-sergipe-na-avenida-rio-branco/","The body of an unidentified #trans woman was found floating in a riiver in Aracaju, Sergipe (Brazil) on 28 Feb 2025.

The cause of her death was not reported. #SayHerName #TransLIvesMatter #TDoR",https://tdor.translivesmatter.info/reports/2025/02/28/name-unknown_aracaju-sergipe-brazil_ccd80cba
